{
  "project_info": {
    "project_number": "570002750667",
    "firebase_url": "https://appomg-6317e.firebaseio.com",
    "project_id": "appomg-6317e",
    "storage_bucket": "appomg-6317e.appspot.com"
  },
  "client": [
    {
      "client_info": {
        "mobilesdk_app_id": "1:570002750667:android:4a6fbcc1303dcbaa",
        "android_client_info": {
          "package_name": "com.example.appomg"
        }
      },
      "oauth_client": [
        {
          "client_id": "570002750667-ui3gu6do8oghau1uhtbbfa0dkofv2fe1.apps.googleusercontent.com",
          "client_type": 1,
          "android_info": {
            "package_name": "com.example.appomg",
            "certificate_hash": "0d7e6b4ebecde04664d081c886a65ac2bc468e70"
          }
        },
        {
          "client_id": "570002750667-pgiuthmrvdtb7dqd38ega9fthi2mu5k0.apps.googleusercontent.com",
          "client_type": 3
        }
      ],
      "api_key": [
        {
          "current_key": "AIzaSyB5HCEumTLXDpWGDSplz6RSf0r2N9vB4X0"
        }
      ],
      "services": {
        "appinvite_service": {
          "other_platform_oauth_client": [
            {
              "client_id": "570002750667-pgiuthmrvdtb7dqd38ega9fthi2mu5k0.apps.googleusercontent.com",
              "client_type": 3
            }
          ]
        }
      }
    }
  ],
  "configuration_version": "1"
}